-- Adminer 4.5.0 MySQL dump

SET NAMES utf8;
SET time_zone = '+00:00';
SET foreign_key_checks = 0;
SET sql_mode = 'NO_AUTO_VALUE_ON_ZERO';

INSERT INTO `component_disk_browser_directory` (`id`, `name`, `is_root`) VALUES
(1,	'/',	1),
(2,	'_images',	0),
(3,	'/',	1),
(4,	'_images',	0),
(5,	'/',	1),
(6,	'_images',	0),
(7,	'/',	1),
(8,	'_images',	0),
(9,	'TEST 01',	1),
(10,	'/',	1),
(11,	'_images',	0),
(12,	'/',	1),
(13,	'_images',	0),
(14,	'/',	1),
(15,	'_images',	0),
(16,	'/',	1),
(17,	'_images',	0),
(18,	'/',	1),
(19,	'_images',	0),
(20,	'/',	1),
(21,	'_images',	0),
(22,	'/',	1),
(23,	'_images',	0),
(24,	'/',	1),
(25,	'_images',	0),
(26,	'/',	1),
(27,	'_images',	0),
(28,	'/',	1),
(29,	'_images',	0),
(30,	'/',	1),
(31,	'_images',	0),
(32,	'/',	1),
(33,	'_images',	0),
(34,	'/',	1),
(35,	'_images',	0),
(36,	'/',	1),
(37,	'_images',	0),
(38,	'/',	1),
(39,	'_images',	0),
(40,	'/',	1),
(41,	'_images',	0),
(42,	'/',	1),
(43,	'_images',	0),
(44,	'/',	1),
(45,	'_images',	0),
(46,	'/',	1),
(47,	'_images',	0),
(48,	'/',	1),
(49,	'_images',	0),
(50,	'/',	1),
(51,	'_images',	0),
(52,	'/',	1),
(53,	'_images',	0),
(54,	'/',	1),
(55,	'_images',	0),
(56,	'/',	1),
(57,	'_images',	0),
(58,	'/',	1),
(59,	'_images',	0),
(60,	'/',	1),
(61,	'_images',	0),
(62,	'/',	1),
(63,	'_images',	0),
(64,	'/',	1),
(65,	'_images',	0),
(66,	'/',	1),
(67,	'_images',	0),
(68,	'/',	1),
(69,	'_images',	0),
(70,	'/',	1),
(71,	'_images',	0),
(72,	'/',	1),
(73,	'_images',	0),
(74,	'/',	1),
(75,	'_images',	0),
(76,	'/',	1),
(77,	'_images',	0),
(78,	'/',	1),
(79,	'_images',	0),
(80,	'/',	1),
(81,	'_images',	0),
(82,	'/',	1),
(83,	'_images',	0),
(84,	'/',	1),
(85,	'_images',	0),
(86,	'/',	1),
(87,	'_images',	0),
(88,	'/',	1),
(89,	'_images',	0),
(90,	'/',	1),
(91,	'_images',	0),
(92,	'/',	1),
(93,	'_images',	0),
(94,	'/',	1),
(95,	'_images',	0),
(96,	'/',	1),
(97,	'_images',	0),
(98,	'/',	1),
(99,	'_images',	0),
(100,	'/',	1),
(101,	'_images',	0),
(102,	'TEST 01',	1),
(103,	'/',	1),
(104,	'_images',	0),
(105,	'TEST 02',	1),
(106,	'/',	1),
(107,	'_images',	0),
(108,	'Test 02',	1),
(109,	'/',	1),
(110,	'_images',	0),
(111,	'TEST 03',	1),
(112,	'/',	1),
(113,	'_images',	0),
(114,	'TEST 03',	1),
(115,	'/',	1),
(116,	'_images',	0),
(117,	'Test 0007',	1),
(118,	'/',	1),
(119,	'_images',	0),
(120,	'999',	1),
(121,	'/',	1),
(122,	'_images',	0),
(123,	'TEST 05',	1),
(124,	'/',	1),
(125,	'_images',	0),
(126,	'asd',	1),
(127,	'/',	1),
(128,	'_images',	0),
(129,	'/',	1),
(130,	'_images',	0),
(131,	'sss',	1),
(132,	'/',	1),
(133,	'_images',	0),
(134,	'9999',	1);

INSERT INTO `component_disk_browser_directory_tree` (`id`, `ancestor_id`, `descendant_id`, `depth`) VALUES
(1,	1,	1,	0),
(2,	2,	2,	0),
(3,	1,	2,	1),
(4,	3,	3,	0),
(5,	4,	4,	0),
(6,	3,	4,	1),
(7,	5,	5,	0),
(8,	6,	6,	0),
(9,	5,	6,	1),
(10,	7,	7,	0),
(11,	8,	8,	0),
(12,	7,	8,	1),
(13,	9,	9,	0),
(14,	10,	10,	0),
(15,	11,	11,	0),
(16,	10,	11,	1),
(17,	12,	12,	0),
(18,	13,	13,	0),
(19,	12,	13,	1),
(20,	14,	14,	0),
(21,	15,	15,	0),
(22,	14,	15,	1),
(23,	16,	16,	0),
(24,	17,	17,	0),
(25,	16,	17,	1),
(26,	18,	18,	0),
(27,	19,	19,	0),
(28,	18,	19,	1),
(29,	20,	20,	0),
(30,	21,	21,	0),
(31,	20,	21,	1),
(32,	22,	22,	0),
(33,	23,	23,	0),
(34,	22,	23,	1),
(35,	24,	24,	0),
(36,	25,	25,	0),
(37,	24,	25,	1),
(38,	26,	26,	0),
(39,	27,	27,	0),
(40,	26,	27,	1),
(41,	28,	28,	0),
(42,	29,	29,	0),
(43,	28,	29,	1),
(44,	30,	30,	0),
(45,	31,	31,	0),
(46,	30,	31,	1),
(47,	32,	32,	0),
(48,	33,	33,	0),
(49,	32,	33,	1),
(50,	34,	34,	0),
(51,	35,	35,	0),
(52,	34,	35,	1),
(53,	36,	36,	0),
(54,	37,	37,	0),
(55,	36,	37,	1),
(56,	38,	38,	0),
(57,	39,	39,	0),
(58,	38,	39,	1),
(59,	40,	40,	0),
(60,	41,	41,	0),
(61,	40,	41,	1),
(62,	42,	42,	0),
(63,	43,	43,	0),
(64,	42,	43,	1),
(65,	44,	44,	0),
(66,	45,	45,	0),
(67,	44,	45,	1),
(68,	46,	46,	0),
(69,	47,	47,	0),
(70,	46,	47,	1),
(71,	48,	48,	0),
(72,	49,	49,	0),
(73,	48,	49,	1),
(74,	50,	50,	0),
(75,	51,	51,	0),
(76,	50,	51,	1),
(77,	52,	52,	0),
(78,	53,	53,	0),
(79,	52,	53,	1),
(80,	54,	54,	0),
(81,	55,	55,	0),
(82,	54,	55,	1),
(83,	56,	56,	0),
(84,	57,	57,	0),
(85,	56,	57,	1),
(86,	58,	58,	0),
(87,	59,	59,	0),
(88,	58,	59,	1),
(89,	60,	60,	0),
(90,	61,	61,	0),
(91,	60,	61,	1),
(92,	62,	62,	0),
(93,	63,	63,	0),
(94,	62,	63,	1),
(95,	64,	64,	0),
(96,	65,	65,	0),
(97,	64,	65,	1),
(98,	66,	66,	0),
(99,	67,	67,	0),
(100,	66,	67,	1),
(101,	68,	68,	0),
(102,	69,	69,	0),
(103,	68,	69,	1),
(104,	70,	70,	0),
(105,	71,	71,	0),
(106,	70,	71,	1),
(107,	72,	72,	0),
(108,	73,	73,	0),
(109,	72,	73,	1),
(110,	74,	74,	0),
(111,	75,	75,	0),
(112,	74,	75,	1),
(113,	76,	76,	0),
(114,	77,	77,	0),
(115,	76,	77,	1),
(116,	78,	78,	0),
(117,	79,	79,	0),
(118,	78,	79,	1),
(119,	80,	80,	0),
(120,	81,	81,	0),
(121,	80,	81,	1),
(122,	82,	82,	0),
(123,	83,	83,	0),
(124,	82,	83,	1),
(125,	84,	84,	0),
(126,	85,	85,	0),
(127,	84,	85,	1),
(128,	86,	86,	0),
(129,	87,	87,	0),
(130,	86,	87,	1),
(131,	88,	88,	0),
(132,	89,	89,	0),
(133,	88,	89,	1),
(134,	90,	90,	0),
(135,	91,	91,	0),
(136,	90,	91,	1),
(137,	92,	92,	0),
(138,	93,	93,	0),
(139,	92,	93,	1),
(140,	94,	94,	0),
(141,	95,	95,	0),
(142,	94,	95,	1),
(143,	96,	96,	0),
(144,	97,	97,	0),
(145,	96,	97,	1),
(146,	98,	98,	0),
(147,	99,	99,	0),
(148,	98,	99,	1),
(149,	100,	100,	0),
(150,	101,	101,	0),
(151,	100,	101,	1),
(152,	102,	102,	0),
(153,	103,	103,	0),
(154,	104,	104,	0),
(155,	103,	104,	1),
(156,	105,	105,	0),
(157,	106,	106,	0),
(158,	107,	107,	0),
(159,	106,	107,	1),
(160,	108,	108,	0),
(161,	109,	109,	0),
(162,	110,	110,	0),
(163,	109,	110,	1),
(164,	111,	111,	0),
(165,	112,	112,	0),
(166,	113,	113,	0),
(167,	112,	113,	1),
(168,	114,	114,	0),
(169,	115,	115,	0),
(170,	116,	116,	0),
(171,	115,	116,	1),
(172,	117,	117,	0),
(173,	118,	118,	0),
(174,	119,	119,	0),
(175,	118,	119,	1),
(176,	120,	120,	0),
(177,	121,	121,	0),
(178,	122,	122,	0),
(179,	121,	122,	1),
(180,	123,	123,	0),
(181,	124,	124,	0),
(182,	125,	125,	0),
(183,	124,	125,	1),
(184,	126,	126,	0),
(185,	127,	127,	0),
(186,	128,	128,	0),
(187,	127,	128,	1),
(188,	129,	129,	0),
(189,	130,	130,	0),
(190,	129,	130,	1),
(191,	131,	131,	0),
(192,	132,	132,	0),
(193,	133,	133,	0),
(194,	132,	133,	1),
(195,	134,	134,	0);

INSERT INTO `component_disk_browser_file` (`id`, `directory_id`, `name`, `unique_name`, `stored_name`, `mime_type`) VALUES
(39,	101,	'protocol_1_13.odt',	'nkre0crnd7',	'd48cf4f7-c995a724-bee6df42.odt',	'application/vnd.oasis.opendocument.text'),
(40,	6,	'enhanced-buzz-1492-1379411828-15.jpg',	'zm92g4m3sw',	'49374262-85b699ef-3377db58.jpg',	'image/jpeg'),
(42,	104,	'protocol_1_13 (3).odt',	'12p2a3wtd3',	'43688760-87505669-3795b1ff.odt',	'application/vnd.oasis.opendocument.text'),
(44,	104,	'protocol_2_17.odt',	'gtsix07s4p',	'b46547c4-10a6c60a-707e35b3.odt',	'application/vnd.oasis.opendocument.text'),
(45,	122,	'protocol_6_41.odt',	'9z890jlzsd',	'31691284-fc398924-3f1dfb7e.odt',	'application/vnd.oasis.opendocument.text'),
(46,	125,	'protocol_7_45.odt',	'a8qw7hr5wy',	'a82432c1-fcbb3551-04cec952.odt',	'application/vnd.oasis.opendocument.text'),
(47,	125,	'protocol_7_47.doc',	'9g0ja50req',	'e5e4fd3c-7ec6beb0-0004c2bb.doc',	'application/msword');

INSERT INTO `phinx_log` (`version`, `migration_name`, `start_time`, `end_time`, `breakpoint`) VALUES
(20190325100408,	'Init',	'2019-03-25 11:57:06',	'2019-03-25 11:57:06',	0);

INSERT INTO `sigma_archive_history` (`id`, `directory_id`, `plan_id`, `position_id`, `created_at`, `end_of_order`, `start_of_order`, `content`, `subject`, `number`, `number_offer`, `state`, `user_id`) VALUES
(1,	102,	18,	1,	'2019-03-25 13:54:23',	NULL,	'2018-06-13',	NULL,	'TEST 01',	'DV201806885',	'OP1968554',	'a',	3),
(2,	105,	19,	1,	'2019-03-26 00:50:37',	NULL,	'2019-03-15',	NULL,	'TEST 02',	'DV65555',	'OPOP9999',	'c',	3),
(3,	114,	22,	1,	'2019-03-27 09:41:14',	NULL,	'2019-03-15',	NULL,	'TEST 03',	'DV2020',	'OP20000',	'a',	2),
(4,	117,	23,	1,	'2019-03-27 09:42:33',	NULL,	'2019-04-11',	NULL,	'Test 0007',	'DV 1968228',	'OP2021456',	'a',	2),
(5,	120,	24,	1,	'2019-03-27 09:44:03',	NULL,	'2019-03-30',	NULL,	'999',	'DV686868',	'OP687999',	'o',	2);

INSERT INTO `sigma_archive_position` (`id`, `size_directory_id`, `workspace_id`, `directory_id`, `name`, `uid`, `serial_number`, `comment`) VALUES
(1,	2,	2,	9,	'TEST 01',	'EDU.01.1.A',	NULL,	NULL);

INSERT INTO `sigma_archive_size_directory` (`id`, `type_id`, `size_id`) VALUES
(1,	1,	1),
(2,	1,	2);

INSERT INTO `sigma_archive_type` (`id`, `sizes_directory_id`, `producer_id`, `kind_id`, `name`) VALUES
(1,	6,	1,	2,	'CHN'),
(2,	8,	2,	1,	'AMG');


INSERT INTO `sigma_mocev_plan` (`id`, `type_id`, `position_id`, `workspace_id`, `source_plan_id`, `directory_id`, `generate_plan`) VALUES
(17,	1,	NULL,	NULL,	NULL,	99,	0),
(18,	NULL,	NULL,	NULL,	17,	101,	0),
(19,	NULL,	NULL,	NULL,	17,	104,	0),
(20,	NULL,	NULL,	NULL,	17,	107,	0),
(21,	NULL,	NULL,	NULL,	17,	110,	0),
(22,	NULL,	NULL,	NULL,	17,	113,	0),
(23,	NULL,	NULL,	NULL,	17,	116,	0),
(24,	NULL,	NULL,	NULL,	17,	119,	0),
(25,	NULL,	NULL,	NULL,	17,	122,	0),
(26,	NULL,	NULL,	NULL,	17,	125,	0),
(27,	1,	1,	NULL,	17,	128,	0),
(28,	NULL,	NULL,	NULL,	27,	130,	1),
(29,	NULL,	NULL,	NULL,	27,	133,	1);

INSERT INTO `sigma_mocev_plan_item` (`id`, `plan_id`, `name`, `finished_at`, `generated`, `order_no`, `protocol_id`, `file_id`, `control_type_id`, `source_item_id`, `decree_id`, `watched`, `protocol_values`, `approved_by`) VALUES
(7,	17,	'Kontrola pracoviště',	NULL,	0,	1,	NULL,	NULL,	'V',	NULL,	NULL,	0,	'{}',	NULL),
(8,	17,	'Kontrola viditelných poškození',	NULL,	0,	2,	NULL,	NULL,	'V',	NULL,	NULL,	0,	'{}',	NULL),
(9,	17,	'Teplotní zkouška',	NULL,	0,	3,	1,	NULL,	'P',	NULL,	2,	1,	'{}',	NULL),
(10,	17,	'Ověření správnosti',	NULL,	0,	4,	NULL,	NULL,	'V',	NULL,	NULL,	0,	'{}',	NULL),
(11,	18,	'Kontrola pracoviště',	'2019-03-25',	0,	1,	NULL,	NULL,	'V',	7,	NULL,	0,	'{}',	NULL),
(12,	18,	'Kontrola viditelných poškození',	'2019-03-25',	0,	2,	NULL,	NULL,	'V',	8,	NULL,	0,	'{}',	NULL),
(13,	18,	'Teplotní zkouška',	'2019-03-25',	0,	3,	1,	39,	'P',	9,	2,	1,	'{\"control.name\":\"Teplotn\\u00ed zkou\\u0161ka\",\"default.criteria.01\":\"0,5mm\",\"default.criteria.02\":\"0,5mm\",\"default.criteria.03\":\"0,5mm\",\"default.criteria.04\":\"0,5mm\",\"default.x1.01\":\"12\",\"default.x1.02\":\"9\",\"default.x2.01\":\"6\",\"default.x2.02\":\"3\",\"default.y1.01\":\"12\",\"default.y1.02\":\"9\",\"default.y2.01\":\"6\",\"default.y2.02\":\"3\",\"device.name\":\"TEST 01\",\"device.type\":\"CHN\",\"device.uid\":\"EDU.01.1.A\",\"history.number\":\"DV201806885\",\"input.date\":\"Zp\\u016fsob m\\u011b\\u0159en\\u00ed:\",\"input.delta.01\":\"\",\"input.delta.02\":\"\",\"input.delta.03\":\"\",\"input.delta.04\":\"\",\"input.delta.05\":\"\",\"input.delta.06\":\"\",\"input.delta.07\":\"\",\"input.delta.08\":\"\",\"input.footer.assign\":\"\",\"input.footer.name\":\"\",\"input.result.01\":\"\",\"input.result.02\":\"\",\"input.result.03\":\"\",\"input.result.04\":\"\",\"input.result.05\":\"\",\"input.result.06\":\"\",\"input.result.07\":\"\",\"input.result.08\":\"\",\"input.x1.01\":\"10\",\"input.x1.02\":\"\",\"input.x1.03\":\"10\",\"input.x1.04\":\"\",\"input.x2.01\":\"20\",\"input.x2.02\":\"\",\"input.x2.03\":\"20\",\"input.x2.04\":\"\",\"input.y1.01\":\"10\",\"input.y1.02\":\"\",\"input.y1.03\":\"10\",\"input.y1.04\":\"\",\"input.y2.01\":\"20\",\"input.y2.02\":\"\",\"input.y2.03\":\"20\",\"input.y2.04\":\"\"}',	NULL),
(14,	18,	'Ověření správnosti',	'2019-03-25',	0,	4,	NULL,	NULL,	'V',	10,	NULL,	0,	'{}',	NULL),
(15,	19,	'Kontrola pracoviště',	'2019-03-26',	0,	1,	NULL,	NULL,	'V',	7,	NULL,	0,	'{}',	NULL),
(16,	19,	'Kontrola viditelných poškození',	'2019-03-26',	0,	2,	NULL,	NULL,	'V',	8,	NULL,	0,	'{}',	NULL),
(17,	19,	'Teplotní zkouška',	'2019-03-26',	0,	3,	1,	44,	'P',	9,	2,	1,	'{\"control.name\":\"Teplotn\\u00ed zkou\\u0161ka\",\"default.criteria.01\":\"0,5mm\",\"default.criteria.02\":\"0,5mm\",\"default.criteria.03\":\"0,5mm\",\"default.criteria.04\":\"0,5mm\",\"default.x1.01\":\"12\",\"default.x1.02\":\"9\",\"default.x2.01\":\"6\",\"default.x2.02\":\"3\",\"default.y1.01\":\"12\",\"default.y1.02\":\"9\",\"default.y2.01\":\"6\",\"default.y2.02\":\"3\",\"device.name\":\"TEST 01\",\"device.type\":\"CHN\",\"device.uid\":\"EDU.01.1.A\",\"history.number\":\"DV65555\",\"input.date\":\"Zp\\u016fsob m\\u011b\\u0159en\\u00ed:\",\"input.delta.01\":\"\",\"input.delta.02\":\"\",\"input.delta.03\":\"\",\"input.delta.04\":\"\",\"input.delta.05\":\"\",\"input.delta.06\":\"\",\"input.delta.07\":\"\",\"input.delta.08\":\"\",\"input.footer.assign\":\"\",\"input.footer.name\":\"\",\"input.result.01\":\"\",\"input.result.02\":\"\",\"input.result.03\":\"\",\"input.result.04\":\"\",\"input.result.05\":\"\",\"input.result.06\":\"\",\"input.result.07\":\"\",\"input.result.08\":\"\",\"input.x1.01\":\"12\",\"input.x1.02\":\"\",\"input.x1.03\":\"11\",\"input.x1.04\":\"\",\"input.x2.01\":\"18\",\"input.x2.02\":\"\",\"input.x2.03\":\"8\",\"input.x2.04\":\"\",\"input.y1.01\":\"10\",\"input.y1.02\":\"\",\"input.y1.03\":\"5\",\"input.y1.04\":\"\",\"input.y2.01\":\"16.5\",\"input.y2.02\":\"\",\"input.y2.03\":\"5.5\",\"input.y2.04\":\"\"}',	NULL),
(18,	19,	'Ověření správnosti',	'2019-03-26',	0,	4,	NULL,	NULL,	'V',	10,	NULL,	0,	'{}',	NULL),
(19,	20,	'Kontrola pracoviště',	NULL,	0,	1,	NULL,	NULL,	'V',	7,	NULL,	0,	'{}',	NULL),
(20,	20,	'Kontrola viditelných poškození',	NULL,	0,	2,	NULL,	NULL,	'V',	8,	NULL,	0,	'{}',	NULL),
(21,	20,	'Teplotní zkouška',	NULL,	0,	3,	1,	NULL,	'P',	9,	2,	1,	'{}',	NULL),
(22,	20,	'Ověření správnosti',	NULL,	0,	4,	NULL,	NULL,	'V',	10,	NULL,	0,	'{}',	NULL),
(23,	21,	'Kontrola pracoviště',	NULL,	0,	1,	NULL,	NULL,	'V',	7,	NULL,	0,	'{}',	NULL),
(24,	21,	'Kontrola viditelných poškození',	NULL,	0,	2,	NULL,	NULL,	'V',	8,	NULL,	0,	'{}',	NULL),
(25,	21,	'Teplotní zkouška',	NULL,	0,	3,	1,	NULL,	'P',	9,	2,	1,	'{}',	NULL),
(26,	21,	'Ověření správnosti',	NULL,	0,	4,	NULL,	NULL,	'V',	10,	NULL,	0,	'{}',	NULL),
(27,	22,	'Kontrola pracoviště',	'2019-03-27',	0,	1,	NULL,	NULL,	'V',	7,	NULL,	0,	'{}',	NULL),
(28,	22,	'Kontrola viditelných poškození',	'2019-03-27',	0,	2,	NULL,	NULL,	'V',	8,	NULL,	0,	'{}',	NULL),
(29,	22,	'Teplotní zkouška',	NULL,	0,	3,	1,	NULL,	'P',	9,	2,	1,	'{}',	NULL),
(30,	22,	'Ověření správnosti',	NULL,	0,	4,	NULL,	NULL,	'V',	10,	NULL,	0,	'{}',	NULL),
(31,	23,	'Kontrola pracoviště',	NULL,	0,	1,	NULL,	NULL,	'V',	7,	NULL,	0,	'{}',	NULL),
(32,	23,	'Kontrola viditelných poškození',	NULL,	0,	2,	NULL,	NULL,	'V',	8,	NULL,	0,	'{}',	NULL),
(33,	23,	'Teplotní zkouška',	NULL,	0,	3,	1,	NULL,	'P',	9,	2,	1,	'{}',	NULL),
(34,	23,	'Ověření správnosti',	NULL,	0,	4,	NULL,	NULL,	'V',	10,	NULL,	0,	'{}',	NULL),
(35,	24,	'Kontrola pracoviště',	NULL,	0,	1,	NULL,	NULL,	'V',	7,	NULL,	0,	'{}',	NULL),
(36,	24,	'Kontrola viditelných poškození',	NULL,	0,	2,	NULL,	NULL,	'V',	8,	NULL,	0,	'{}',	NULL),
(37,	24,	'Teplotní zkouška',	NULL,	0,	3,	1,	NULL,	'P',	9,	2,	1,	'{}',	NULL),
(38,	24,	'Ověření správnosti',	NULL,	0,	4,	NULL,	NULL,	'V',	10,	NULL,	0,	'{}',	NULL),
(39,	25,	'Kontrola pracoviště',	'2019-03-27',	0,	1,	NULL,	NULL,	'V',	7,	NULL,	0,	'{}',	NULL),
(40,	25,	'Kontrola viditelných poškození',	'2019-03-27',	0,	2,	NULL,	NULL,	'V',	8,	NULL,	0,	'{}',	NULL),
(41,	25,	'Teplotní zkouška',	'2019-03-27',	0,	3,	1,	45,	'P',	9,	2,	1,	'{\"control.name\":\"Teplotn\\u00ed zkou\\u0161ka\",\"default.criteria.01\":\"0,5mm\",\"default.criteria.02\":\"0,5mm\",\"default.criteria.03\":\"0,5mm\",\"default.criteria.04\":\"0,5mm\",\"default.x1.01\":\"12\",\"default.x1.02\":\"9\",\"default.x2.01\":\"6\",\"default.x2.02\":\"3\",\"default.y1.01\":\"12\",\"default.y1.02\":\"9\",\"default.y2.01\":\"6\",\"default.y2.02\":\"3\",\"device.name\":\"TEST 01\",\"device.type\":\"CHN\",\"device.uid\":\"EDU.01.1.A\",\"history.number\":\"DV9874\",\"input.date\":\"Zp\\u016fsob m\\u011b\\u0159en\\u00ed:\",\"input.delta.01\":\"\",\"input.delta.02\":\"\",\"input.delta.03\":\"\",\"input.delta.04\":\"\",\"input.delta.05\":\"\",\"input.delta.06\":\"\",\"input.delta.07\":\"\",\"input.delta.08\":\"\",\"input.footer.assign\":\"\",\"input.footer.name\":\"\",\"input.result.01\":\"\",\"input.result.02\":\"\",\"input.result.03\":\"\",\"input.result.04\":\"\",\"input.result.05\":\"\",\"input.result.06\":\"\",\"input.result.07\":\"\",\"input.result.08\":\"\",\"input.x1.01\":\"\",\"input.x1.02\":\"\",\"input.x1.03\":\"\",\"input.x1.04\":\"\",\"input.x2.01\":\"\",\"input.x2.02\":\"\",\"input.x2.03\":\"\",\"input.x2.04\":\"\",\"input.y1.01\":\"9,15\",\"input.y1.02\":\"\",\"input.y1.03\":\"8,13\",\"input.y1.04\":\"\",\"input.y2.01\":\"9,12\",\"input.y2.02\":\"\",\"input.y2.03\":\"8,13\",\"input.y2.04\":\"\"}',	NULL),
(42,	25,	'Ověření správnosti',	NULL,	0,	4,	NULL,	NULL,	'V',	10,	NULL,	0,	'{}',	NULL),
(43,	26,	'Kontrola pracoviště',	'2019-03-27',	0,	1,	NULL,	NULL,	'V',	7,	NULL,	0,	'{}',	NULL),
(44,	26,	'Kontrola viditelných poškození',	'2019-03-27',	0,	2,	NULL,	NULL,	'V',	8,	NULL,	0,	'{}',	NULL),
(45,	26,	'Teplotní zkouška',	'2019-03-27',	0,	3,	NULL,	NULL,	'V',	9,	2,	1,	'{\"control.name\":\"Teplotn\\u00ed zkou\\u0161ka\",\"default.criteria.01\":\"0,5mm\",\"default.criteria.02\":\"0,5mm\",\"default.criteria.03\":\"0,5mm\",\"default.criteria.04\":\"0,5mm\",\"default.x1.01\":\"12\",\"default.x1.02\":\"9\",\"default.x2.01\":\"6\",\"default.x2.02\":\"3\",\"default.y1.01\":\"12\",\"default.y1.02\":\"9\",\"default.y2.01\":\"6\",\"default.y2.02\":\"3\",\"device.name\":\"TEST 01\",\"device.type\":\"CHN\",\"device.uid\":\"EDU.01.1.A\",\"history.number\":\"DV987456\",\"input.date\":\"Zp\\u016fsob m\\u011b\\u0159en\\u00ed:\",\"input.delta.01\":\"\",\"input.delta.02\":\"\",\"input.delta.03\":\"\",\"input.delta.04\":\"\",\"input.delta.05\":\"\",\"input.delta.06\":\"\",\"input.delta.07\":\"\",\"input.delta.08\":\"\",\"input.footer.assign\":\"\",\"input.footer.name\":\"\",\"input.result.01\":\"\",\"input.result.02\":\"\",\"input.result.03\":\"\",\"input.result.04\":\"\",\"input.result.05\":\"\",\"input.result.06\":\"\",\"input.result.07\":\"\",\"input.result.08\":\"\",\"input.x1.01\":\"\",\"input.x1.02\":\"\",\"input.x1.03\":\"\",\"input.x1.04\":\"\",\"input.x2.01\":\"\",\"input.x2.02\":\"\",\"input.x2.03\":\"\",\"input.x2.04\":\"\",\"input.y1.01\":\"16.5\",\"input.y1.02\":\"\",\"input.y1.03\":\"15\",\"input.y1.04\":\"\",\"input.y2.01\":\"16\",\"input.y2.02\":\"\",\"input.y2.03\":\"18\",\"input.y2.04\":\"\"}',	NULL),
(46,	26,	'Ověření správnosti',	'2019-03-27',	0,	4,	NULL,	NULL,	'V',	10,	NULL,	0,	'{}',	NULL),
(47,	26,	'Teplotní zkouška',	'2019-03-27',	0,	5,	NULL,	NULL,	'V',	NULL,	NULL,	1,	'[]',	NULL),
(48,	27,	'Kontrola pracoviště',	NULL,	0,	1,	NULL,	NULL,	'V',	7,	NULL,	0,	'{}',	NULL),
(49,	27,	'Kontrola viditelných poškození',	NULL,	0,	2,	NULL,	NULL,	'V',	8,	NULL,	0,	'{}',	NULL),
(50,	27,	'Teplotní zkouška',	NULL,	0,	3,	NULL,	NULL,	'V',	9,	2,	1,	'{}',	NULL),
(51,	27,	'Ověření správnosti',	NULL,	0,	4,	NULL,	NULL,	'V',	10,	NULL,	0,	'{}',	NULL),
(52,	28,	'Kontrola pracoviště',	NULL,	0,	1,	NULL,	NULL,	'V',	48,	NULL,	0,	'{}',	NULL),
(53,	28,	'Kontrola viditelných poškození',	NULL,	0,	2,	NULL,	NULL,	'V',	49,	NULL,	0,	'{}',	NULL),
(54,	28,	'Teplotní zkouška',	NULL,	0,	3,	NULL,	NULL,	'V',	50,	2,	1,	'{}',	NULL),
(55,	28,	'Ověření správnosti',	NULL,	0,	4,	NULL,	NULL,	'V',	51,	NULL,	0,	'{}',	NULL),
(56,	29,	'Kontrola pracoviště',	NULL,	0,	1,	NULL,	NULL,	'V',	48,	NULL,	0,	'{}',	NULL),
(57,	29,	'Kontrola viditelných poškození',	NULL,	0,	2,	NULL,	NULL,	'V',	49,	NULL,	0,	'{}',	NULL),
(58,	29,	'Teplotní zkouška',	NULL,	0,	3,	NULL,	NULL,	'V',	50,	2,	1,	'{}',	NULL),
(59,	29,	'Ověření správnosti',	NULL,	0,	4,	NULL,	NULL,	'V',	51,	NULL,	0,	'{}',	NULL);

INSERT INTO `sigma_mocev_protocol_template` (`id`, `workspace_id`, `number`, `structure`, `structure_defaults`, `name`, `uid`, `directory_id`, `file_id`) VALUES
(1,	NULL,	'200',	'{\"header\":{\"table\":{\"data\":[{\"data\":[{\"width\":2625,\"content\":{\"text\":\"SIGMA GROUP a.s.\\ndivize Energo\\nJana Sigmunda 313\\n783 49 Lut\\u00edn\\n \\u010cesk\\u00e1 Republika\"},\"style\":{\"vMerge\":\"restart\",\"valign\":\"center\"}},{\"width\":4000,\"content\":{\"blockText\":{\"title\":\"PROTOKOL O KONTROLE\",\"title2\":\"(inspek\\u010dn\\u00ed certifik\\u00e1t dle \\u010cSN EN 10 204)\",\"text\":\"Evid. \\u010d.: %evid.no\"}},\"style\":{\"vMerge\":\"restart\",\"valign\":\"center\"}},{\"width\":2625,\"content\":{\"text\":\"Z\\u00e1k\\u00e1zka (PP) \\u010d.: %history.number%\"},\"style\":{\"vMerge\":\"restart\",\"valign\":\"center\"}}]},{\"data\":[{\"width\":null,\"style\":{\"vMerge\":\"continue\"}},{\"width\":null,\"style\":{\"vMerge\":\"continue\"}},{\"content\":{\"text\":\"P\\u0159\\u00edloha \\u010d.:\"},\"style\":{\"vMerge\":\"restart\",\"valign\":\"center\"}}]},{\"data\":[{\"width\":null,\"style\":{\"vMerge\":\"continue\"}},{\"width\":null,\"style\":{\"vMerge\":\"continue\"}},{\"content\":{\"text\":\"Strana:\\t%default.page%\\/%default.pageCount%\"},\"style\":{\"vMerge\":\"restart\",\"valign\":\"center\"}}]}]}},\"body\":[{\"table\":{\"data\":[{\"data\":[{\"style\":[],\"content\":{\"text\":\"N\\u00e1zev za\\u0159\\u00edzen\\u00ed: %device.name%\"}},{\"style\":[],\"content\":{\"text\":\"Typ: %device.type%\"}}]},{\"data\":[{\"style\":[],\"content\":{\"text\":\"Projektov\\u00e9 \\u010d\\u00edslo: %device.uid%\"}},{\"style\":[],\"content\":{\"text\":\"Seriov\\u00e9 \\u010d\\u00edslo: %device.serialNumber%\"}}]},{\"data\":[{\"width\":5550,\"style\":{\"vMerge\":\"restart\",\"valign\":\"center\"},\"content\":{\"text\":\"Odb\\u011bratel:\"}},{\"width\":2500,\"style\":{\"vMerge\":\"restart\",\"bgColor\":\"CCCCCC\"},\"content\":{\"blockText\":{\"text\":{\"data\":\"Vyhl\\u00e1\\u0161ka: 408\\/16 Sb.\\n358\\/16 Sb.\",\"alignment\":{\"alignment\":\"end\"}}}}},{\"width\":600,\"style\":{\"bgColor\":\"CCCCCC\"},\"content\":{\"decreeValue\":{\"id\":0,\"data\":\"ano\",\"alignment\":{\"alignment\":\"center\"}}}},{\"width\":600,\"style\":{\"bgColor\":\"CCCCCC\"},\"content\":{\"decreeValue\":{\"id\":0,\"data\":\"ne\",\"alignment\":{\"alignment\":\"center\"}}}}]},{\"data\":[{\"width\":null,\"style\":{\"vMerge\":\"continue\"}},{\"width\":null,\"style\":{\"vMerge\":\"continue\"}},{\"width\":600,\"style\":{\"bgColor\":\"CCCCCC\"},\"content\":{\"decreeValue\":{\"id\":1,\"data\":\"ano\",\"alignment\":{\"alignment\":\"center\"}}}},{\"width\":600,\"style\":{\"bgColor\":\"CCCCCC\"},\"content\":{\"decreeValue\":{\"id\":1,\"data\":\"ne\",\"alignment\":{\"alignment\":\"center\"}}}}]},{\"data\":[{\"style\":[],\"content\":{\"text\":\"N\\u00e1zev kontroly: %control.name%\"}}]},{\"data\":[{\"style\":[],\"content\":{\"text\":\"Normy a p\\u0159edstavy pro hodnocen\\u00ed (IPZJ, V\\u00ddKRES \\u010d., \\u010d\\u00edslo operace TLP, MP, metodick\\u00fd list, odchylkov\\u00fd list aj.):\"}}]},{\"data\":[{\"style\":[],\"content\":{\"text\":\"Typ a rozm\\u011br pou\\u017eit\\u00e9ho t\\u011bsn\\u011bn\\u00ed:\\n\"}}],\"hidden\":true},{\"data\":[{\"style\":{\"vMerge\":\"restart\",\"valign\":\"center\"},\"content\":{\"text\":\"Za\\u0159\\u00edzen\\u00ed a prost\\u0159edky pro zaji\\u0161t\\u011bn\\u00ed kontroly: \\n\\n\"}}]},{\"data\":[{\"content\":{\"text\":\"Kontrolu provedl\"}}]},{\"data\":[{\"content\":{\"text\":{\"data\":\"Datum\",\"style\":{\"bold\":true}}},\"style\":{\"bgColor\":\"CCCCCC\"}},{\"content\":{\"text\":{\"data\":\"Jm\\u00e9no\",\"style\":{\"bold\":true}}},\"style\":{\"bgColor\":\"CCCCCC\"}},{\"content\":{\"text\":{\"data\":\"Podpis\",\"style\":{\"bold\":true}}},\"style\":{\"bgColor\":\"CCCCCC\"}}]},{\"data\":[{\"content\":{\"text\":{\"data\":\"%input.date%\",\"style\":{\"size\":22}}}},{\"content\":{\"text\":{\"data\":\"%input.name%\",\"style\":{\"size\":22}}}},{\"content\":{\"text\":{\"data\":\" \",\"style\":{\"size\":22}}}}]},{\"data\":[{\"content\":{\"text\":{\"data\":\"%date.02%\",\"style\":{\"size\":22}}}},{\"content\":{\"text\":{\"data\":\"%name.02%\",\"style\":{\"size\":22}}}},{\"content\":{\"text\":{\"data\":\"%signature.02%\",\"style\":{\"size\":22}}}}],\"hidden\":true},{\"data\":[{\"content\":{\"text\":{\"data\":\"Zp\\u016fsob m\\u011b\\u0159en\\u00ed: \\n\\n\\n\\n\\n\\n\\n\\n\\n\\n\\n\\n\\n\\n\\n\\n\\n\\n\\n\\n\"}}}]}]}},{\"text\":{\"data\":\"V\\u00fdsledky m\\u011b\\u0159en\\u00ed:\"}},{\"table\":{\"data\":[{\"data\":[{\"width\":2500,\"style\":{\"valign\":\"center\"},\"content\":{\"text\":{\"data\":\"Vz\\u00e1jemn\\u00e9 ustanoven\\u00ed p\\u0159\\u00edrub\",\"style\":{\"bold\":true},\"alignment\":{\"alignment\":\"center\"}}}},{\"width\":1150,\"style\":{\"valign\":\"center\"},\"content\":{\"text\":{\"data\":\"Poloha odchylky\",\"style\":{\"bold\":true},\"alignment\":{\"alignment\":\"center\"}}}},{\"width\":1000,\"style\":{\"valign\":\"center\"},\"content\":{\"text\":{\"data\":\"Krit\\u00e9ria\",\"style\":{\"bold\":true},\"alignment\":{\"alignment\":\"center\"}}}},{\"width\":2300,\"content\":{\"text\":{\"data\":\"Sac\\u00ed p\\u0159\\u00edruba\",\"style\":{\"bold\":true},\"alignment\":{\"alignment\":\"center\"}}}},{\"width\":2300,\"content\":{\"text\":{\"data\":\"V\\u00fdtla\\u010dn\\u00e1 p\\u0159\\u00edruba\",\"style\":{\"bold\":true},\"alignment\":{\"alignment\":\"center\"}}}}]},{\"data\":[{\"width\":2500,\"style\":{\"vMerge\":\"continue\"}},{\"width\":1150,\"style\":{\"vMerge\":\"continue\"}},{\"width\":1000,\"style\":{\"vMerge\":\"continue\"}},{\"width\":900,\"style\":{\"valign\":\"center\"},\"content\":{\"text\":{\"data\":\"M\\u011b\\u0159en\\u00ed\",\"style\":{\"bold\":true},\"alignment\":{\"alignment\":\"center\"}}}},{\"width\":700,\"style\":{\"valign\":\"center\"},\"content\":{\"text\":{\"data\":\"&#916;,&#936;\",\"style\":{\"bold\":true},\"alignment\":{\"alignment\":\"center\"}}}},{\"width\":700,\"style\":{\"valign\":\"center\"},\"content\":{\"text\":{\"data\":\"Hod.\",\"style\":{\"bold\":true},\"alignment\":{\"alignment\":\"center\"}}}},{\"width\":900,\"style\":{\"valign\":\"center\"},\"content\":{\"text\":{\"data\":\"M\\u011b\\u0159en\\u00ed\",\"style\":{\"bold\":true},\"alignment\":{\"alignment\":\"center\"}}}},{\"width\":700,\"style\":{\"valign\":\"center\"},\"content\":{\"text\":{\"data\":\"&#916;\",\"style\":{\"bold\":true},\"alignment\":{\"alignment\":\"center\"}}}},{\"width\":700,\"style\":{\"valign\":\"center\"},\"content\":{\"text\":{\"data\":\"Hod.\",\"style\":{\"bold\":true},\"alignment\":{\"alignment\":\"center\"}}}}]},{\"data\":[{\"width\":1625,\"style\":{\"valign\":\"center\"},\"content\":{\"text\":{\"data\":\"Rovnob\\u011b\\u017enost\\n&#916; (mm)\",\"style\":{\"bold\":true},\"alignment\":{\"alignment\":\"center\"}}}},{\"width\":875,\"style\":{\"valign\":\"center\"},\"content\":{\"text\":{\"data\":\"Y1 (mm)\",\"style\":{\"size\":8},\"alignment\":{\"alignment\":\"center\"}}}},{\"width\":1150,\"content\":{\"text\":{\"data\":\"%default.y1.01%\",\"alignment\":{\"alignment\":\"center\"}}}},{\"width\":1000,\"style\":{\"valign\":\"center\"},\"content\":{\"text\":{\"data\":\"%default.criteria.01%\",\"alignment\":{\"alignment\":\"center\"}}}},{\"width\":900,\"content\":{\"text\":{\"data\":\"%input.y1.01%\",\"alignment\":{\"alignment\":\"center\"}}}},{\"width\":700,\"style\":{\"valign\":\"center\"},\"content\":{\"text\":{\"data\":\"%input.delta.01%\",\"alignment\":{\"alignment\":\"center\"}}}},{\"width\":700,\"style\":{\"valign\":\"center\"},\"content\":{\"text\":{\"data\":\"%input.result.01%\",\"alignment\":{\"alignment\":\"center\"}}}},{\"width\":900,\"content\":{\"text\":{\"data\":\"%input.y1.02%\",\"alignment\":{\"alignment\":\"center\"}}}},{\"width\":700,\"style\":{\"valign\":\"center\"},\"content\":{\"text\":{\"data\":\"%input.delta.02%\",\"alignment\":{\"alignment\":\"center\"}}}},{\"width\":700,\"style\":{\"valign\":\"center\"},\"content\":{\"text\":{\"data\":\"%input.result.02%\",\"alignment\":{\"alignment\":\"center\"}}}}]},{\"data\":[{\"width\":null},{\"width\":875,\"style\":{\"valign\":\"center\"},\"content\":{\"text\":{\"data\":\"Y2 (mm)\",\"style\":{\"size\":8},\"alignment\":{\"alignment\":\"center\"}}}},{\"width\":1150,\"content\":{\"text\":{\"data\":\"%default.y2.01%\",\"alignment\":{\"alignment\":\"center\"}}}},{\"width\":null},{\"width\":900,\"content\":{\"text\":{\"data\":\"%input.y2.01%\",\"alignment\":{\"alignment\":\"center\"}}}},{\"width\":null},{\"width\":null},{\"width\":900,\"content\":{\"text\":{\"data\":\"%input.y2.02%\",\"alignment\":{\"alignment\":\"center\"}}}},{\"width\":null},{\"width\":null}]},{\"data\":[{\"width\":null},{\"width\":875,\"style\":{\"valign\":\"center\"},\"content\":{\"text\":{\"data\":\"Y1 (mm)\",\"style\":{\"size\":8},\"alignment\":{\"alignment\":\"center\"}}}},{\"width\":1150,\"content\":{\"text\":{\"data\":\"%default.y1.02%\",\"alignment\":{\"alignment\":\"center\"}}}},{\"width\":1000,\"style\":{\"valign\":\"center\"},\"content\":{\"text\":{\"data\":\"%default.criteria.02%\",\"alignment\":{\"alignment\":\"center\"}}}},{\"width\":900,\"content\":{\"text\":{\"data\":\"%input.y1.03%\",\"alignment\":{\"alignment\":\"center\"}}}},{\"width\":700,\"style\":{\"valign\":\"center\"},\"content\":{\"text\":{\"data\":\"%input.delta.03%\",\"alignment\":{\"alignment\":\"center\"}}}},{\"width\":700,\"style\":{\"valign\":\"center\"},\"content\":{\"text\":{\"data\":\"%input.result.03%\",\"alignment\":{\"alignment\":\"center\"}}}},{\"width\":900,\"content\":{\"text\":{\"data\":\"%input.y1.04%\",\"alignment\":{\"alignment\":\"center\"}}}},{\"width\":700,\"style\":{\"valign\":\"center\"},\"content\":{\"text\":{\"data\":\"%input.delta.04%\",\"alignment\":{\"alignment\":\"center\"}}}},{\"width\":700,\"style\":{\"valign\":\"center\"},\"content\":{\"text\":{\"data\":\"%input.result.04%\",\"alignment\":{\"alignment\":\"center\"}}}}]},{\"data\":[{\"width\":null},{\"width\":875,\"style\":{\"valign\":\"center\"},\"content\":{\"text\":{\"data\":\"Y2 (mm)\",\"style\":{\"size\":8},\"alignment\":{\"alignment\":\"center\"}}}},{\"width\":1150,\"content\":{\"text\":{\"data\":\"%default.y2.02%\",\"alignment\":{\"alignment\":\"center\"}}}},{\"width\":null},{\"width\":900,\"content\":{\"text\":{\"data\":\"%input.y2.03%\",\"alignment\":{\"alignment\":\"center\"}}}},{\"width\":null},{\"width\":null},{\"width\":900,\"content\":{\"text\":{\"data\":\"%input.y2.04%\",\"alignment\":{\"alignment\":\"center\"}}}},{\"width\":null},{\"width\":null}]},{\"data\":[{\"width\":1625,\"style\":{\"valign\":\"center\"},\"content\":{\"text\":{\"data\":\"P\\u0159esazen\\u00ed\\n&#936; (mm)\",\"style\":{\"bold\":true},\"alignment\":{\"alignment\":\"center\"}}}},{\"width\":875,\"style\":{\"valign\":\"center\"},\"content\":{\"text\":{\"data\":\"X1 (mm)\",\"style\":{\"size\":8},\"alignment\":{\"alignment\":\"center\"}}}},{\"width\":1150,\"content\":{\"text\":{\"data\":\"%default.x1.01%\",\"alignment\":{\"alignment\":\"center\"}}}},{\"width\":1000,\"style\":{\"valign\":\"center\"},\"content\":{\"text\":{\"data\":\"%default.criteria.03%\",\"alignment\":{\"alignment\":\"center\"}}}},{\"width\":900,\"content\":{\"text\":{\"data\":\"%input.x1.01%\",\"alignment\":{\"alignment\":\"center\"}}}},{\"width\":700,\"style\":{\"valign\":\"center\"},\"content\":{\"text\":{\"data\":\"%input.delta.05%\",\"alignment\":{\"alignment\":\"center\"}}}},{\"width\":700,\"style\":{\"valign\":\"center\"},\"content\":{\"text\":{\"data\":\"%input.result.05%\",\"alignment\":{\"alignment\":\"center\"}}}},{\"width\":900,\"content\":{\"text\":{\"data\":\"%input.x1.02%\",\"alignment\":{\"alignment\":\"center\"}}}},{\"width\":700,\"style\":{\"valign\":\"center\"},\"content\":{\"text\":{\"data\":\"%input.delta.06%\",\"alignment\":{\"alignment\":\"center\"}}}},{\"width\":700,\"style\":{\"valign\":\"center\"},\"content\":{\"text\":{\"data\":\"%input.result.06%\",\"alignment\":{\"alignment\":\"center\"}}}}]},{\"data\":[{\"width\":null},{\"width\":875,\"style\":{\"valign\":\"center\"},\"content\":{\"text\":{\"data\":\"X2 (mm)\",\"style\":{\"size\":8},\"alignment\":{\"alignment\":\"center\"}}}},{\"width\":1150,\"content\":{\"text\":{\"data\":\"%default.x2.01%\",\"alignment\":{\"alignment\":\"center\"}}}},{\"width\":null},{\"width\":900,\"content\":{\"text\":{\"data\":\"%input.x2.01%\",\"alignment\":{\"alignment\":\"center\"}}}},{\"width\":null},{\"width\":null},{\"width\":900,\"content\":{\"text\":{\"data\":\"%input.x2.02%\",\"alignment\":{\"alignment\":\"center\"}}}},{\"width\":null},{\"width\":null}]},{\"data\":[{\"width\":null},{\"width\":875,\"style\":{\"valign\":\"center\"},\"content\":{\"text\":{\"data\":\"X1 (mm)\",\"style\":{\"size\":8},\"alignment\":{\"alignment\":\"center\"}}}},{\"width\":1150,\"content\":{\"text\":{\"data\":\"%default.x1.02%\",\"alignment\":{\"alignment\":\"center\"}}}},{\"width\":1000,\"style\":{\"valign\":\"center\"},\"content\":{\"text\":{\"data\":\"%default.criteria.04%\",\"alignment\":{\"alignment\":\"center\"}}}},{\"width\":900,\"content\":{\"text\":{\"data\":\"%input.x1.03%\",\"alignment\":{\"alignment\":\"center\"}}}},{\"width\":700,\"style\":{\"valign\":\"center\"},\"content\":{\"text\":{\"data\":\"%input.delta.07%\",\"alignment\":{\"alignment\":\"center\"}}}},{\"width\":700,\"style\":{\"valign\":\"center\"},\"content\":{\"text\":{\"data\":\"%input.result.07%\",\"alignment\":{\"alignment\":\"center\"}}}},{\"width\":900,\"content\":{\"text\":{\"data\":\"%input.x1.04%\",\"alignment\":{\"alignment\":\"center\"}}}},{\"width\":700,\"style\":{\"valign\":\"center\"},\"content\":{\"text\":{\"data\":\"%input.delta.08%\",\"alignment\":{\"alignment\":\"center\"}}}},{\"width\":700,\"style\":{\"valign\":\"center\"},\"content\":{\"text\":{\"data\":\"%input.result.08%\",\"alignment\":{\"alignment\":\"center\"}}}}]},{\"data\":[{\"width\":null},{\"width\":875,\"style\":{\"valign\":\"center\"},\"content\":{\"text\":{\"data\":\"X2 (mm)\",\"style\":{\"size\":8},\"alignment\":{\"alignment\":\"center\"}}}},{\"width\":1150,\"content\":{\"text\":{\"data\":\"%default.x2.02%\",\"alignment\":{\"alignment\":\"center\"}}}},{\"width\":null},{\"width\":900,\"content\":{\"text\":{\"data\":\"%input.x2.03%\",\"alignment\":{\"alignment\":\"center\"}}}},{\"width\":null},{\"width\":null},{\"width\":900,\"content\":{\"text\":{\"data\":\"%input.x2.04%\",\"alignment\":{\"alignment\":\"center\"}}}},{\"width\":null},{\"width\":null}]}],\"style\":\"tableBorder\"}},{\"text\":{\"data\":\"Hodnocen\\u00ed: V - Vyhovuje; N - Nevyhovuje\"}},{\"text\":\"\"},{\"table\":{\"data\":[{\"data\":[{\"style\":{\"valign\":\"center\",\"bgColor\":\"CCCCCC\"},\"content\":{\"text\":{\"data\":\"Vystavil\",\"style\":{\"bold\":true},\"alignment\":{\"alignment\":\"center\"}}}}]},{\"data\":[{\"width\":2000,\"style\":{\"valign\":\"center\"},\"content\":{\"text\":{\"data\":\"Datum\",\"style\":{\"bold\":true},\"alignment\":{\"alignment\":\"center\"}}}},{\"width\":2800,\"style\":{\"valign\":\"center\"},\"content\":{\"text\":{\"data\":\"Jm\\u00e9no\",\"style\":{\"bold\":true},\"alignment\":{\"alignment\":\"center\"}}}},{\"width\":2450,\"style\":{\"valign\":\"center\"},\"content\":{\"text\":{\"data\":\"Funkce\",\"style\":{\"bold\":true},\"alignment\":{\"alignment\":\"center\"}}}},{\"width\":2000,\"style\":{\"valign\":\"center\"},\"content\":{\"text\":{\"data\":\"Podpis\",\"style\":{\"bold\":true},\"alignment\":{\"alignment\":\"center\"}}}}],\"style\":\"tableDefault\"},{\"data\":[{\"width\":2000,\"style\":{\"valign\":\"center\"},\"content\":{\"text\":{\"data\":\"2019-03-25\",\"alignment\":{\"alignment\":\"center\"}}}},{\"width\":2800,\"style\":{\"valign\":\"center\"},\"content\":{\"text\":{\"data\":\"%input.footer.assign%\",\"alignment\":{\"alignment\":\"center\"}}}},{\"width\":2450,\"style\":{\"valign\":\"center\"},\"content\":{\"text\":{\"data\":\"%input.footer.name%\",\"style\":{\"bold\":true},\"alignment\":{\"alignment\":\"center\"}}}},{\"width\":2000,\"style\":{\"valign\":\"center\"},\"content\":{\"text\":{\"data\":\"\\n\",\"style\":{\"bold\":true},\"alignment\":{\"alignment\":\"center\"}}}}],\"style\":\"tableDefault\"}]}}],\"styles\":{\"tableDefault\":{\"borderSize\":6,\"borderColor\":\"000000\"},\"tableFirstRowDefault\":null,\"tableBorder\":{\"borderSize\":12,\"borderColor\":\"000000\"},\"tableFirstRowBorder\":null}}',	'{\"default.page\":1,\"default.pageCount\":1,\"default.y1.01\":12,\"default.y1.02\":9,\"default.y2.01\":6,\"default.y2.02\":3,\"default.x1.01\":12,\"default.x1.02\":9,\"default.x2.01\":6,\"default.x2.02\":3,\"default.criteria.01\":\"0,5mm\",\"default.criteria.02\":\"0,5mm\",\"default.criteria.03\":\"0,5mm\",\"default.criteria.04\":\"0,5mm\"}',	'Teplotní zkouška',	'priruby',	NULL,	NULL),
(2,	NULL,	'2000',	'{\"header\":{\"table\":{\"data\":[{\"data\":[{\"width\":2625,\"content\":{\"text\":\"SIGMA GROUP a.s.\\ndivize Energo\\nJana Sigmunda 313\\n783 49 Lut\\u00edn\\n \\u010cesk\\u00e1 Republika\"},\"style\":{\"vMerge\":\"restart\",\"valign\":\"center\"}},{\"width\":4000,\"content\":{\"blockText\":{\"title\":\"PROTOKOL O KONTROLE\",\"title2\":\"(inspek\\u010dn\\u00ed certifik\\u00e1t dle \\u010cSN EN 10 204)\",\"text\":\"Evid. \\u010d.: %evid.no\"}},\"style\":{\"vMerge\":\"restart\",\"valign\":\"center\"}},{\"width\":2625,\"content\":{\"text\":\"Z\\u00e1k\\u00e1zka (PP) \\u010d.: %history.number%\"},\"style\":{\"vMerge\":\"restart\",\"valign\":\"center\"}}]},{\"data\":[{\"width\":null,\"style\":{\"vMerge\":\"continue\"}},{\"width\":null,\"style\":{\"vMerge\":\"continue\"}},{\"content\":{\"text\":\"P\\u0159\\u00edloha \\u010d.:\"},\"style\":{\"vMerge\":\"restart\",\"valign\":\"center\"}}]},{\"data\":[{\"width\":null,\"style\":{\"vMerge\":\"continue\"}},{\"width\":null,\"style\":{\"vMerge\":\"continue\"}},{\"content\":{\"text\":\"Strana: %default.page%\\/%default.pageCount%\"},\"style\":{\"vMerge\":\"restart\",\"valign\":\"center\"}}]}]}},\"body\":[{\"table\":{\"data\":[{\"data\":[{\"style\":[],\"content\":{\"text\":\"N\\u00e1zev za\\u0159\\u00edzen\\u00ed: %device.name%\"}},{\"style\":[],\"content\":{\"text\":\"Typ: %device.type%\"}}]},{\"data\":[{\"style\":[],\"content\":{\"text\":\"Projektov\\u00e9 \\u010d\\u00edslo: %device.uid%\"}},{\"style\":[],\"content\":{\"text\":\"Seriov\\u00e9 \\u010d\\u00edslo: %device.serialNumber%\"}}]},{\"data\":[{\"width\":5550,\"style\":{\"vMerge\":\"restart\",\"valign\":\"center\"},\"content\":{\"text\":\"Odb\\u011bratel:\"}},{\"width\":2500,\"style\":{\"vMerge\":\"restart\",\"bgColor\":\"CCCCCC\"},\"content\":{\"blockText\":{\"text\":{\"data\":\"Vyhl\\u00e1\\u0161ka: 408\\/16 Sb.\\n358\\/16 Sb.\",\"alignment\":{\"alignment\":\"end\"}}}}},{\"width\":600,\"style\":{\"bgColor\":\"CCCCCC\"},\"content\":{\"decreeValue\":{\"id\":0,\"data\":\"ano\",\"alignment\":{\"alignment\":\"center\"}}}},{\"width\":600,\"style\":{\"bgColor\":\"CCCCCC\"},\"content\":{\"decreeValue\":{\"id\":0,\"data\":\"ne\",\"alignment\":{\"alignment\":\"center\"}}}}]},{\"data\":[{\"width\":null,\"style\":{\"vMerge\":\"continue\"}},{\"width\":null,\"style\":{\"vMerge\":\"continue\"}},{\"width\":600,\"style\":{\"bgColor\":\"CCCCCC\"},\"content\":{\"decreeValue\":{\"id\":1,\"data\":\"ano\",\"alignment\":{\"alignment\":\"center\"}}}},{\"width\":600,\"style\":{\"bgColor\":\"CCCCCC\"},\"content\":{\"decreeValue\":{\"id\":1,\"data\":\"ne\",\"alignment\":{\"alignment\":\"center\"}}}}]},{\"data\":[{\"style\":[],\"content\":{\"text\":\"N\\u00e1zev kontroly: %control.name%\"}}]},{\"data\":[{\"style\":[],\"content\":{\"text\":\"Normy a p\\u0159edstavy pro hodnocen\\u00ed (IPZJ, V\\u00ddKRES \\u010d., \\u010d\\u00edslo operace TLP, MP, metodick\\u00fd list, odchylkov\\u00fd list aj.):\"}}]},{\"data\":[{\"style\":[],\"content\":{\"text\":\"Typ a rozm\\u011br pou\\u017eit\\u00e9ho t\\u011bsn\\u011bn\\u00ed:\\n\"}}],\"hidden\":true},{\"data\":[{\"style\":{\"vMerge\":\"restart\",\"valign\":\"center\"},\"content\":{\"text\":\"Za\\u0159\\u00edzen\\u00ed a prost\\u0159edky pro zaji\\u0161t\\u011bn\\u00ed kontroly: \\n\\n\"}}]},{\"data\":[{\"content\":{\"text\":\"Kontrolu provedl\"}}]},{\"data\":[{\"content\":{\"text\":{\"data\":\"Datum\",\"style\":{\"bold\":true}}},\"style\":{\"bgColor\":\"CCCCCC\"}},{\"content\":{\"text\":{\"data\":\"Jm\\u00e9no\",\"style\":{\"bold\":true}}},\"style\":{\"bgColor\":\"CCCCCC\"}},{\"content\":{\"text\":{\"data\":\"Podpis\",\"style\":{\"bold\":true}}},\"style\":{\"bgColor\":\"CCCCCC\"}}]},{\"data\":[{\"content\":{\"text\":{\"data\":\"%input.date%\",\"style\":{\"size\":22}}}},{\"content\":{\"text\":{\"data\":\"%input.name%\",\"style\":{\"size\":22}}}},{\"content\":{\"text\":{\"data\":\" \",\"style\":{\"size\":22}}}}]},{\"data\":[{\"content\":{\"text\":{\"data\":\"%date.02%\",\"style\":{\"size\":22}}}},{\"content\":{\"text\":{\"data\":\"%name.02%\",\"style\":{\"size\":22}}}},{\"content\":{\"text\":{\"data\":\"%signature.02%\",\"style\":{\"size\":22}}}}],\"hidden\":true},{\"data\":[{\"content\":{\"text\":{\"data\":\"Zp\\u016fsob m\\u011b\\u0159en\\u00ed: \\n\\n\\n\\n\\n\\n\\n\\n\\n\\n\\n\\n\\n\\n\\n\\n\\n\\n\\n\\n\"}}}]}]}},{\"text\":{\"data\":\"V\\u00fdsledky m\\u011b\\u0159en\\u00ed:\"}},{\"table\":{\"data\":[{\"data\":[{\"width\":2500,\"style\":{\"valign\":\"center\"},\"content\":{\"text\":{\"data\":\"Vz\\u00e1jemn\\u00e9 ustanoven\\u00ed p\\u0159\\u00edrub\",\"style\":{\"bold\":true},\"alignment\":{\"alignment\":\"center\"}}}},{\"width\":1150,\"style\":{\"valign\":\"center\"},\"content\":{\"text\":{\"data\":\"Poloha odchylky\",\"style\":{\"bold\":true},\"alignment\":{\"alignment\":\"center\"}}}},{\"width\":1000,\"style\":{\"valign\":\"center\"},\"content\":{\"text\":{\"data\":\"Krit\\u00e9ria\",\"style\":{\"bold\":true},\"alignment\":{\"alignment\":\"center\"}}}},{\"width\":2300,\"content\":{\"text\":{\"data\":\"Sac\\u00ed p\\u0159\\u00edruba\",\"style\":{\"bold\":true},\"alignment\":{\"alignment\":\"center\"}}}},{\"width\":2300,\"content\":{\"text\":{\"data\":\"V\\u00fdtla\\u010dn\\u00e1 p\\u0159\\u00edruba\",\"style\":{\"bold\":true},\"alignment\":{\"alignment\":\"center\"}}}}]},{\"data\":[{\"width\":2500,\"style\":{\"vMerge\":\"continue\"}},{\"width\":1150,\"style\":{\"vMerge\":\"continue\"}},{\"width\":1000,\"style\":{\"vMerge\":\"continue\"}},{\"width\":900,\"style\":{\"valign\":\"center\"},\"content\":{\"text\":{\"data\":\"M\\u011b\\u0159en\\u00ed\",\"style\":{\"bold\":true},\"alignment\":{\"alignment\":\"center\"}}}},{\"width\":700,\"style\":{\"valign\":\"center\"},\"content\":{\"text\":{\"data\":\"&#916;,&#936;\",\"style\":{\"bold\":true},\"alignment\":{\"alignment\":\"center\"}}}},{\"width\":700,\"style\":{\"valign\":\"center\"},\"content\":{\"text\":{\"data\":\"Hod.\",\"style\":{\"bold\":true},\"alignment\":{\"alignment\":\"center\"}}}},{\"width\":900,\"style\":{\"valign\":\"center\"},\"content\":{\"text\":{\"data\":\"M\\u011b\\u0159en\\u00ed\",\"style\":{\"bold\":true},\"alignment\":{\"alignment\":\"center\"}}}},{\"width\":700,\"style\":{\"valign\":\"center\"},\"content\":{\"text\":{\"data\":\"&#916;\",\"style\":{\"bold\":true},\"alignment\":{\"alignment\":\"center\"}}}},{\"width\":700,\"style\":{\"valign\":\"center\"},\"content\":{\"text\":{\"data\":\"Hod.\",\"style\":{\"bold\":true},\"alignment\":{\"alignment\":\"center\"}}}}]},{\"data\":[{\"width\":1625,\"style\":{\"valign\":\"center\"},\"content\":{\"text\":{\"data\":\"Rovnob\\u011b\\u017enost\\n&#916; (mm)\",\"style\":{\"bold\":true},\"alignment\":{\"alignment\":\"center\"}}}},{\"width\":875,\"style\":{\"valign\":\"center\"},\"content\":{\"text\":{\"data\":\"Y1 (mm)\",\"style\":{\"size\":8},\"alignment\":{\"alignment\":\"center\"}}}},{\"width\":1150,\"content\":{\"text\":{\"data\":\"%default.y1.01%\",\"alignment\":{\"alignment\":\"center\"}}}},{\"width\":1000,\"style\":{\"valign\":\"center\"},\"content\":{\"text\":{\"data\":\"%default.criteria.01%\",\"alignment\":{\"alignment\":\"center\"}}}},{\"width\":900,\"content\":{\"text\":{\"data\":\"%input.y1.01%\",\"alignment\":{\"alignment\":\"center\"}}}},{\"width\":700,\"style\":{\"valign\":\"center\"},\"content\":{\"text\":{\"data\":\"%input.delta.01%\",\"alignment\":{\"alignment\":\"center\"}}}},{\"width\":700,\"style\":{\"valign\":\"center\"},\"content\":{\"text\":{\"data\":\"%input.result.01%\",\"alignment\":{\"alignment\":\"center\"}}}},{\"width\":900,\"content\":{\"text\":{\"data\":\"%input.y1.02%\",\"alignment\":{\"alignment\":\"center\"}}}},{\"width\":700,\"style\":{\"valign\":\"center\"},\"content\":{\"text\":{\"data\":\"%input.delta.02%\",\"alignment\":{\"alignment\":\"center\"}}}},{\"width\":700,\"style\":{\"valign\":\"center\"},\"content\":{\"text\":{\"data\":\"%input.result.02%\",\"alignment\":{\"alignment\":\"center\"}}}}]},{\"data\":[{\"width\":null},{\"width\":875,\"style\":{\"valign\":\"center\"},\"content\":{\"text\":{\"data\":\"Y2 (mm)\",\"style\":{\"size\":8},\"alignment\":{\"alignment\":\"center\"}}}},{\"width\":1150,\"content\":{\"text\":{\"data\":\"%default.y2.01%\",\"alignment\":{\"alignment\":\"center\"}}}},{\"width\":null},{\"width\":900,\"content\":{\"text\":{\"data\":\"%input.y2.01%\",\"alignment\":{\"alignment\":\"center\"}}}},{\"width\":null},{\"width\":null},{\"width\":900,\"content\":{\"text\":{\"data\":\"%input.y2.02%\",\"alignment\":{\"alignment\":\"center\"}}}},{\"width\":null},{\"width\":null}]},{\"data\":[{\"width\":null},{\"width\":875,\"style\":{\"valign\":\"center\"},\"content\":{\"text\":{\"data\":\"Y1 (mm)\",\"style\":{\"size\":8},\"alignment\":{\"alignment\":\"center\"}}}},{\"width\":1150,\"content\":{\"text\":{\"data\":\"%default.y1.02%\",\"alignment\":{\"alignment\":\"center\"}}}},{\"width\":1000,\"style\":{\"valign\":\"center\"},\"content\":{\"text\":{\"data\":\"%default.criteria.02%\",\"alignment\":{\"alignment\":\"center\"}}}},{\"width\":900,\"content\":{\"text\":{\"data\":\"%input.y1.03%\",\"alignment\":{\"alignment\":\"center\"}}}},{\"width\":700,\"style\":{\"valign\":\"center\"},\"content\":{\"text\":{\"data\":\"%input.delta.03%\",\"alignment\":{\"alignment\":\"center\"}}}},{\"width\":700,\"style\":{\"valign\":\"center\"},\"content\":{\"text\":{\"data\":\"%input.result.03%\",\"alignment\":{\"alignment\":\"center\"}}}},{\"width\":900,\"content\":{\"text\":{\"data\":\"%input.y1.04%\",\"alignment\":{\"alignment\":\"center\"}}}},{\"width\":700,\"style\":{\"valign\":\"center\"},\"content\":{\"text\":{\"data\":\"%input.delta.04%\",\"alignment\":{\"alignment\":\"center\"}}}},{\"width\":700,\"style\":{\"valign\":\"center\"},\"content\":{\"text\":{\"data\":\"%input.result.04%\",\"alignment\":{\"alignment\":\"center\"}}}}]},{\"data\":[{\"width\":null},{\"width\":875,\"style\":{\"valign\":\"center\"},\"content\":{\"text\":{\"data\":\"Y2 (mm)\",\"style\":{\"size\":8},\"alignment\":{\"alignment\":\"center\"}}}},{\"width\":1150,\"content\":{\"text\":{\"data\":\"%default.y2.02%\",\"alignment\":{\"alignment\":\"center\"}}}},{\"width\":null},{\"width\":900,\"content\":{\"text\":{\"data\":\"%input.y2.03%\",\"alignment\":{\"alignment\":\"center\"}}}},{\"width\":null},{\"width\":null},{\"width\":900,\"content\":{\"text\":{\"data\":\"%input.y2.04%\",\"alignment\":{\"alignment\":\"center\"}}}},{\"width\":null},{\"width\":null}]},{\"data\":[{\"width\":1625,\"style\":{\"valign\":\"center\"},\"content\":{\"text\":{\"data\":\"P\\u0159esazen\\u00ed\\n&#936; (mm)\",\"style\":{\"bold\":true},\"alignment\":{\"alignment\":\"center\"}}}},{\"width\":875,\"style\":{\"valign\":\"center\"},\"content\":{\"text\":{\"data\":\"X1 (mm)\",\"style\":{\"size\":8},\"alignment\":{\"alignment\":\"center\"}}}},{\"width\":1150,\"content\":{\"text\":{\"data\":\"%default.x1.01%\",\"alignment\":{\"alignment\":\"center\"}}}},{\"width\":1000,\"style\":{\"valign\":\"center\"},\"content\":{\"text\":{\"data\":\"%default.criteria.03%\",\"alignment\":{\"alignment\":\"center\"}}}},{\"width\":900,\"content\":{\"text\":{\"data\":\"%input.x1.01%\",\"alignment\":{\"alignment\":\"center\"}}}},{\"width\":700,\"style\":{\"valign\":\"center\"},\"content\":{\"text\":{\"data\":\"%input.delta.05%\",\"alignment\":{\"alignment\":\"center\"}}}},{\"width\":700,\"style\":{\"valign\":\"center\"},\"content\":{\"text\":{\"data\":\"%input.result.05%\",\"alignment\":{\"alignment\":\"center\"}}}},{\"width\":900,\"content\":{\"text\":{\"data\":\"%input.x1.02%\",\"alignment\":{\"alignment\":\"center\"}}}},{\"width\":700,\"style\":{\"valign\":\"center\"},\"content\":{\"text\":{\"data\":\"%input.delta.06%\",\"alignment\":{\"alignment\":\"center\"}}}},{\"width\":700,\"style\":{\"valign\":\"center\"},\"content\":{\"text\":{\"data\":\"%input.result.06%\",\"alignment\":{\"alignment\":\"center\"}}}}]},{\"data\":[{\"width\":null},{\"width\":875,\"style\":{\"valign\":\"center\"},\"content\":{\"text\":{\"data\":\"X2 (mm)\",\"style\":{\"size\":8},\"alignment\":{\"alignment\":\"center\"}}}},{\"width\":1150,\"content\":{\"text\":{\"data\":\"%default.x2.01%\",\"alignment\":{\"alignment\":\"center\"}}}},{\"width\":null},{\"width\":900,\"content\":{\"text\":{\"data\":\"%input.x2.01%\",\"alignment\":{\"alignment\":\"center\"}}}},{\"width\":null},{\"width\":null},{\"width\":900,\"content\":{\"text\":{\"data\":\"%input.x2.02%\",\"alignment\":{\"alignment\":\"center\"}}}},{\"width\":null},{\"width\":null}]},{\"data\":[{\"width\":null},{\"width\":875,\"style\":{\"valign\":\"center\"},\"content\":{\"text\":{\"data\":\"X1 (mm)\",\"style\":{\"size\":8},\"alignment\":{\"alignment\":\"center\"}}}},{\"width\":1150,\"content\":{\"text\":{\"data\":\"%default.x1.02%\",\"alignment\":{\"alignment\":\"center\"}}}},{\"width\":1000,\"style\":{\"valign\":\"center\"},\"content\":{\"text\":{\"data\":\"%default.criteria.04%\",\"alignment\":{\"alignment\":\"center\"}}}},{\"width\":900,\"content\":{\"text\":{\"data\":\"%input.x1.03%\",\"alignment\":{\"alignment\":\"center\"}}}},{\"width\":700,\"style\":{\"valign\":\"center\"},\"content\":{\"text\":{\"data\":\"%input.delta.07%\",\"alignment\":{\"alignment\":\"center\"}}}},{\"width\":700,\"style\":{\"valign\":\"center\"},\"content\":{\"text\":{\"data\":\"%input.result.07%\",\"alignment\":{\"alignment\":\"center\"}}}},{\"width\":900,\"content\":{\"text\":{\"data\":\"%input.x1.04%\",\"alignment\":{\"alignment\":\"center\"}}}},{\"width\":700,\"style\":{\"valign\":\"center\"},\"content\":{\"text\":{\"data\":\"%input.delta.08%\",\"alignment\":{\"alignment\":\"center\"}}}},{\"width\":700,\"style\":{\"valign\":\"center\"},\"content\":{\"text\":{\"data\":\"%input.result.08%\",\"alignment\":{\"alignment\":\"center\"}}}}]},{\"data\":[{\"width\":null},{\"width\":875,\"style\":{\"valign\":\"center\"},\"content\":{\"text\":{\"data\":\"X2 (mm)\",\"style\":{\"size\":8},\"alignment\":{\"alignment\":\"center\"}}}},{\"width\":1150,\"content\":{\"text\":{\"data\":\"%default.x2.02%\",\"alignment\":{\"alignment\":\"center\"}}}},{\"width\":null},{\"width\":900,\"content\":{\"text\":{\"data\":\"%input.x2.03%\",\"alignment\":{\"alignment\":\"center\"}}}},{\"width\":null},{\"width\":null},{\"width\":900,\"content\":{\"text\":{\"data\":\"%input.x2.04%\",\"alignment\":{\"alignment\":\"center\"}}}},{\"width\":null},{\"width\":null}]}],\"style\":\"tableBorder\"}},{\"text\":{\"data\":\"Hodnocen\\u00ed: V - Vyhovuje; N - Nevyhovuje\"}},{\"text\":\"\"},{\"table\":{\"data\":[{\"data\":[{\"style\":{\"valign\":\"center\",\"bgColor\":\"CCCCCC\"},\"content\":{\"text\":{\"data\":\"Vystavil\",\"style\":{\"bold\":true},\"alignment\":{\"alignment\":\"center\"}}}}]},{\"data\":[{\"width\":2000,\"style\":{\"valign\":\"center\"},\"content\":{\"text\":{\"data\":\"Datum\",\"style\":{\"bold\":true},\"alignment\":{\"alignment\":\"center\"}}}},{\"width\":2800,\"style\":{\"valign\":\"center\"},\"content\":{\"text\":{\"data\":\"Jm\\u00e9no\",\"style\":{\"bold\":true},\"alignment\":{\"alignment\":\"center\"}}}},{\"width\":2450,\"style\":{\"valign\":\"center\"},\"content\":{\"text\":{\"data\":\"Funkce\",\"style\":{\"bold\":true},\"alignment\":{\"alignment\":\"center\"}}}},{\"width\":2000,\"style\":{\"valign\":\"center\"},\"content\":{\"text\":{\"data\":\"Podpis\",\"style\":{\"bold\":true},\"alignment\":{\"alignment\":\"center\"}}}}],\"style\":\"tableDefault\"},{\"data\":[{\"width\":2000,\"style\":{\"valign\":\"center\"},\"content\":{\"text\":{\"data\":\"2019-03-24\",\"alignment\":{\"alignment\":\"center\"}}}},{\"width\":2800,\"style\":{\"valign\":\"center\"},\"content\":{\"text\":{\"data\":\"%input.footer.assign%\",\"alignment\":{\"alignment\":\"center\"}}}},{\"width\":2450,\"style\":{\"valign\":\"center\"},\"content\":{\"text\":{\"data\":\"%input.footer.name%\",\"style\":{\"bold\":true},\"alignment\":{\"alignment\":\"center\"}}}},{\"width\":2000,\"style\":{\"valign\":\"center\"},\"content\":{\"text\":{\"data\":\"\\n\",\"style\":{\"bold\":true},\"alignment\":{\"alignment\":\"center\"}}}}],\"style\":\"tableDefault\"}]}}],\"styles\":{\"tableDefault\":{\"borderSize\":6,\"borderColor\":\"000000\"},\"tableFirstRowDefault\":null,\"tableBorder\":{\"borderSize\":12,\"borderColor\":\"000000\"},\"tableFirstRowBorder\":null}}',	'{\"default.page\":1,\"default.pageCount\":1,\"default.y1.01\":12,\"default.y1.02\":9,\"default.y2.01\":6,\"default.y2.02\":3,\"default.x1.01\":12,\"default.x1.02\":9,\"default.x2.01\":6,\"default.x2.02\":3,\"default.criteria.01\":\"0,5mm\",\"default.criteria.02\":\"0,5mm\",\"default.criteria.03\":\"0,5mm\",\"default.criteria.04\":\"0,5mm\"}',	'Teplotní zkouška',	'priruby2',	NULL,	NULL);

